PoliceDepartment,UserID,user.mentioned,UserName,created_at,description,friend_count,follower_count,tff,tff_range,comention.public,comention.mention,no_mentions_inTweet,area,fav_retweet,UserLocation,PDLocation,MentionedUser.LocationTag,UserRole
detroitpolice,20783,piper,Piper Kerman,11/24/2006 19:35,Author of #1 @NYTimes bestseller Orange is the New Black: My Year in a Women's Prison @sixwords: In and out of hot water,3876,112884,29.12,>10,0,1,4,AC,3,"ohio, usa","city of detroit, mi",Non-Local,Not Identified
StocktonPolice,30973,starbucks,Starbucks Coffee,11/29/2006 19:19,"Inspiring and nurturing the human spirit‰ÛÓone person, one cup, one neighborhood at a time.",99742,11702775,117.33,>10,0,1,1,AC,10,"seattle, wa","stockton, ca, usa",Non-Local,Not Identified
NYPDnews,807095,nytimes,The New York Times,03-02-2007 20:41,"Where the conversation begins. Follow for breaking news, special reports, RTs of our journalists and more from https://t.co/YapuoqX0HS.",985,27632873,28053.68,>10,0,1,1,AC,39,new york city,new york city,Local,Not Identified
NYPDnews,2425151,facebook,Facebook,3/27/2007 7:29,Giving people the power to share and make the world more open and connected.,88,13979006,158852.34,>10,0,1,1,AC,56,"menlo park, california",new york city,Non-Local,Not Identified
PortlandPolice,2557521,espn,ESPN,3/27/2007 20:46,"We talk about sports, sports, and well ... sports.",294,28562768,97152.27,>10,0,1,3,AC,22,"bristol, ct","portland, oregon",Non-Local,Media
PortlandPolice,5652522,trimet,TriMet,4/30/2007 13:06,"Transit agency in Portland, Ore. From May 8‰ÛÒ21, we're doing a MAX improvement project on First Avenue. Service disruption info at https://t.co/GxxYiOWGIg.",6591,31206,4.73,2->10,0,1,1,AC,14,"portland, or","portland, oregon",Local,Not Identified
NYPDnews,5920532,delta,Delta,05-10-2007 04:31,"Official account of Delta Air Lines. We‰Ûªre listening around the clock, 7 days a week. For a formal response please visit https://t.co/NnsfScRHt1.",3978,1140136,286.61,>10,0,1,4,AC,453,global,new york city,Non-Local,Not Identified
PortlandPolice,6395222,trailblazers,Trail Blazers,5/28/2007 21:42,Made in Rip City.,4444,577459,129.94,>10,0,1,2,AC,19,"portland, ore.","portland, oregon",Local,Other Sectors
StocktonPolice,6519522,redcross,American Red Cross,06-02-2007 09:36,The official Twitter account for the American Red Cross.,40211,2697050,67.07,>10,0,1,3,AC,7,"washington, dc","stockton, ca, usa",Non-Local,Not Identified
PortlandPolice,8775672,usarmy,U.S. Army,09-10-2007 01:04,"Official Twitter page of the United States Army.  (Following, RTs and links ‰äÊ endorsement)",386,845401,2190.16,>10,0,1,5,AC,47,"washington, d.c.","portland, oregon",Local,Not Identified
PortlandPolice,10126672,usmc,U.S. Marines,11-10-2007 14:16,The official Twitter account of the United States Marine Corps. The appearance of links does not constitute endorsement.,232,732816,3158.69,>10,0,1,1,AC,34,"washington, d.c.","portland, oregon",Local,Not Identified
StocktonPolice,10228272,youtube,YouTube,11/13/2007 21:43,lol watch this,931,62013226,66609.27,>10,0,1,1,AC,1,"san bruno, ca","stockton, ca, usa",Local,Not Identified
CLEpolice,11134252,gop,GOP,12/13/2007 17:15,"Updates from the Republican National Committee

#LeadRight2016",1637,688799,420.77,>10,0,1,2,AC,11,"washington, dc","cleveland, oh",Non-Local,Not Identified
sppdPIO,13000872,wcco,WCCO - CBS Minnesota,02-03-2008 05:22,"Thanks for your interest in WCCO/ CBS Minnesota - the place for local news updates! Want more WCCO? Go to @WCCOBreaking, @WCCOWeather, @WCCOetc",7315,107797,14.74,>10,0,1,1,AC,3,"minneapolis, mn","st. paul, mn",Local,Media
NYPDnews,13058772,linkedin,LinkedIn,02-04-2008 18:22,"Dream big. We‰Ûªll help you get there. You're #CloserThanYouThink. For Customer Service questions, tweet @LinkedInHelp.",1121,1245771,1111.3,>10,0,1,2,AC,33,"mountain view, ca",new york city,Non-Local,Not Identified
StocktonPolice,14116807,sharethis,ShareThis,03-10-2008 19:46,ShareThis empowers a more authentic digital experience by connecting people through the content they love across millions of sites.,4408,2136462,484.68,>10,0,1,1,AC,1,"palo alto, ca","stockton, ca, usa",Local,Not Identified
PortlandPolice,14620190,att,AT&T,05-01-2008 21:52,"Your up-to-the-minute feed for our news, products, and offers. Mobilizing Your World.",6969,755569,108.42,>10,0,1,1,AC,9,"dallas, tx","portland, oregon",Non-Local,Not Identified
PortlandPolice,14751786,pedalpalooza,Pedalpalooza,05-12-2008 23:50,"3+ weeks of bikey fun. Over 250 events, most organized by individuals. Bikers of all persuasions will find many events of interest; most are free.",962,2255,2.34,2->10,0,1,1,AC,16,"portland, or","portland, oregon",Local,Not Identified
sppdPIO,14801219,minnpost,MinnPost,5/16/2008 17:06,"Independent, member-supported journalism for Minnesota.
Subscribe to MinnPost's e-mail newsletters: http://t.co/39gqxeH3iL",3865,62495,16.17,>10,0,1,3,AC,0,"minneapolis, mn","st. paul, mn",Local,Not Identified
NYPDnews,15113565,uscg,U.S. Coast Guard,6/14/2008 2:09,"Official Twitter account for the U.S. Coast Guard. If in distress, use VHF channel 16 or dial 911.

(RT, follows ‰äÊ endorsements)",153,171361,1120.01,>10,0,1,5,AC,55,"washington, d.c.",new york city,Local,Not Identified
PortlandPolice,15224275,travelportland,Travel Portland,6/24/2008 21:33,Tweeting Portland awesomeness during normal business hours. #PDXNOW,12449,95865,7.7,2->10,0,1,5,AC,46,"portland, or","portland, oregon",Local,Other Sectors
PortlandPolice,15290936,runrocknroll,Rock n Roll Marathon,07-01-2008 19:12,"Running is better with a sound track. For Runners, By Runners. We make running fun.",1110,127419,114.79,>10,0,1,1,AC,65,snapchat: runrocknroll,"portland, oregon",Non-Local,Not Identified
sppdPIO,15371575,spnoir,Tad Vezner,07-09-2008 23:09,"City and east metro reporter at St. Paul Pioneer Press. Sometimes this city's saintly, sometimes it ain't. Hit me: 651 228-5461",206,1468,7.13,2->10,0,1,1,AC,2,"twin cities, minnesota","st. paul, mn",Non-Local,Media
oaklandpoliceca,15640533,sfbart,SFBART,7/29/2008 1:45,"BART provides train service throughout the San Francisco Bay Area. BART ... and you're there. For automated service info only, follow @SFBARTalert",1,147832,147832,>10,0,1,2,AC,2,"oakland, ca","oakland, ca",Local,Not Identified
sppdPIO,15945699,ramseycounty,RamseyCounty,8/22/2008 14:54,"Ramsey County, home to Minnesota's state capital and more than 525,000 residents, is known for vibrant neighborhoods, parks and abundant family activities.",609,8111,13.32,>10,0,1,7,AC,3,twin cities,"st. paul, mn",Non-Local,Other Sectors
PortlandPolice,15985904,project529,Project 529,8/25/2008 19:23,"We live to work. Clock in Clock out. Repeat. It's time to rise. Get out. Crash. Learn Teach Inspire. Time to break the cycle. We work 9 to 5, but we live 529.",927,818,0.88,<1,0,1,5,AC,16,"portland, or","portland, oregon",Local,Not Identified
ScottsdalePD,16020339,scottsdalefire,ScottsdaleFD,8/28/2008 0:54,"Info about SFD incidents, events & safety tips. Links and retweets are not endorsements.",500,4217,8.43,2->10,0,1,1,AC,17,"scottsdale, az","scottsdale, arizona",Local,Not Identified
NYPDnews,16051471,donlemon,Don Lemon,8/30/2008 4:15,CNN Anchor & Twitter King..... Follow me on Instagram: http://t.co/TgjSaXG8oz,15262,307820,20.17,>10,0,1,3,AC,74,nyc,new york city,Non-Local,Media
SLMPD,16101657,hardees,Hardee's,09-02-2008 19:35,"Home of the 100% Black Angus Beef Thickburgerså¨, Hand-Breaded Chicken Tenders‰ã¢ and Made from Scratch Biscuits‰ã¢.",10938,48528,4.44,2->10,0,1,3,AC,16,midwest/southeast u.s./int'l,"st. louis, mo",Local,Other Sectors
StocktonPolice,16129106,usmarinecorps,USMC Recruiting,09-04-2008 14:02,Official account of Marine Corps Recruiting.,182,369152,2028.31,>10,0,1,1,AC,38,"quantico, va","stockton, ca, usa",Non-Local,Politician
detroitpolice,16183690,kimberlygill,Kimberly Gill,09-08-2008 12:44,Trucker turned News Anchor |2x Emmy winner | #TheD | #TheBurgh | #TheLand | #SCarolina #GameCOCK,1608,4385,2.73,2->10,0,1,3,AC,3,"detroit, mi","city of detroit, mi",Local,Media
SFPD,16318114,sfgov,City of SanFrancisco,9/16/2008 21:42,City and County of San Francisco Official News (SFGov). For Service requests send a tweet to the City 311 Service center @SF311,279,110790,397.1,>10,0,1,2,AC,3,"san francisco, ca","san francisco, ca",Local,Media
NYPDnews,16376937,errollouis,Errol Louis,9/20/2008 11:52,"Host of @InsideCityHall on @NY1 News. Director of Urban Reporting, @CUNYJSchool. RTs mean nothing. Send tips to errol.louis@ny1news.com",8640,22553,2.61,2->10,0,1,3,AC,17,new york,new york city,Local,Media
SFPD,16408759,flysfo,flySFO,9/22/2008 19:53,"Official Twitter account of San Francisco International Airport (SFO) - Gateway to the Pacific. Twitter hours are Monday - Friday, 9AM-5PM, excluding holidays.",2763,29633,10.72,>10,0,1,1,AC,22,san francisco int'l airport,"san francisco, ca",Local,Not Identified
PortlandPolice,16457400,abc2020,20/20,9/25/2008 20:32,"Investigative reports and compelling human interest stories. Tweets by @emilyquartaro. Instagram: @ABC2020, Facebook: https://t.co/kjKzQhuvgM",1642,425931,259.4,>10,0,1,4,AC,16,,"portland, oregon",Missing,Not Identified
boulderpolice,16666502,bouldercolorado,City of Boulder,10-09-2008 14:08,The City of Boulder municipal government has served the Boulder community since 1871. Follows and retweets do not imply endorsement.,328,35216,107.37,>10,0,1,2,AC,5,"boulder, colorado","boulder, co",Local,Not Identified
sppdPIO,16875752,xcelenergyctr,Xcel Energy Center,10/20/2008 21:57,"Official Xcel Energy Center Twitter. Home of the @mnwild. Follow us for updates on sporting events, family shows, concerts and much more.",2409,21049,8.74,2->10,0,1,2,AC,4,"saint paul, minnesota","st. paul, mn",Local,Not Identified
sppdPIO,17278675,kstp,KSTP,11-10-2008 02:18,"KSTP-TV Channel 5, the upper Midwest's first commercial television station, is owned by the pioneering broadcasting company Hubbard Broadcasting, Inc.",352,68313,194.07,>10,0,1,1,AC,3,twin cities | minnesota,"st. paul, mn",Non-Local,Not Identified
SLMPD,17296412,stlcc,StL. Comm. College,11-10-2008 22:05,Official twitter account for St. Louis Community College,46,2381,51.76,>10,0,1,1,AC,9,"st. louis, missouri","st. louis, mo",Local,Other Sectors
sppdPIO,17348525,startribune,Star Tribune,11-12-2008 20:55,"Minnesota's top choice for news, features, photos and video. See http://t.co/DKVw7iTGKd to follow our journalists on Twitter.",734,191902,261.45,>10,0,1,1,AC,30,"minneapolis, mn","st. paul, mn",Local,Not Identified
NYPDnews,17393196,nypdnews,NYPD NEWS,11/14/2008 19:00,The official Twitter of the New York City Police Dept. Call 911 for emergencies - 311 for non-emergencies. Account not monitored 24/7. https://t.co/GcXsqNV6EN,256,214455,837.71,>10,0,1,2,AC,165,new york city,new york city,Local,Police
PortlandPolice,17409240,uscoastguard,U.S. Coast Guard,11/15/2008 16:15,"Feed from http://t.co/WPEu5UoHST. For live tweets follow @USCG. This is not an emergency channel. If you are in distress, use VHF Ch. 16 or dial 911.",48,211314,4402.38,>10,0,1,5,AC,47,"washington, d.c.","portland, oregon",Local,Not Identified
NYPDnews,17469289,nypost,New York Post,11/18/2008 19:46,"Breaking news & features from The New York Post, powered 24/7 by our Web team. Follow your favorite celebs at @PageSix & favorite teams at @nypostsports.",40409,946395,23.42,>10,0,1,1,AC,79,"new york, ny",new york city,Local,Media
sppdPIO,17629860,fbi,FBI,11/25/2008 20:13,"Official Twitter Page of the FBI.  If you have a tip, please submit it here: https://t.co/56awXxJrEZ /",2204,1659375,752.89,>10,0,1,2,AC,363,"washington, dc","st. paul, mn",Non-Local,Not Identified
NYPDnews,17997467,nychealthy,nycHealthy,12-09-2008 18:13,"nycHealthy is the official account of the NYC Dept. of Health & Mental Hygiene. 

User Policy: http://t.co/y2O6BKEOkN",480,35324,73.59,>10,0,1,1,AC,23,"new york, ny",new york city,Local,Police
SLMPD,18001465,flystl,Lambert-STL Airport,12-09-2008 20:32,Lambert-St. Louis International Airport serves more than 12 million passengers a year for the metropolitan St. Louis region.,2899,12039,4.15,2->10,0,1,2,AC,27,"st. louis, missouri, usa","st. louis, mo",Local,Not Identified
sppdPIO,18034498,stpaulsaints,St. Paul Saints,12-10-2008 23:39,Member of the American Association of Independent Professional Baseball,3080,15167,4.92,2->10,0,1,5,AC,1,"st. paul, mn","st. paul, mn",Local,Other Sectors
NYPDnews,18192214,nyrr,NewYorkRoadRunners,12/17/2008 16:19,"Our mission is to help and inspire people through running. Our races & fitness programs, draw 300K+ runners annually. #UnitedNYCHalf #TCSNYCMarathon #NYRR",584,60857,104.21,>10,0,1,1,AC,17,new york city,new york city,Local,Other Sectors
NYPDnews,18479513,mlb,MLB,12/30/2008 15:39,Official Twitter account of Major League Baseball. Sweepstakes rules: https://t.co/I5nlK6ZVvd,4594,5829569,1268.95,>10,0,1,3,AC,60,,new york city,Missing,Other Sectors
SLMPD,18481981,kmox,NewsRadio 1120 KMOX,12/30/2008 17:12,The Voice of St. Louis,47,6779,144.23,>10,0,1,3,AC,4,"st. louis, mo","st. louis, mo",Local,Not Identified
PortlandPolice,18642669,oregondot,Oregon DOT,01-05-2009 19:45,"Official Oregon Dept. of Transportation Twitter account. Monitored during business hours only. Road & weather conditions 24/7, use https://t.co/JFOgsHrxum.",420,26494,63.08,>10,0,1,4,AC,12,oregon,"portland, oregon",Local,Police
SpokanePD,18783501,asu,AZ State University,01-08-2009 23:02,Official Twitter of Arizona State University,3179,159241,50.09,>10,0,1,4,AC,2,"tempe, arizona","spokane, wa",Non-Local,Not Identified
PortlandPolice,18904764,lmpd,LMPD,01-12-2009 16:09,Official Twitter of Louisville Metro Police Dept. Account not monitored 24/7. Call 911 for emergency or 502-574-7111 for non-emergency.  CRIME TIPS? 574-LMPD,125,8874,70.99,>10,0,1,1,AC,5,"louisville, kentucky","portland, oregon",Non-Local,Police
NYPDnews,19026815,safehorizon,Safe Horizon,1/15/2009 16:10,Moving victims of violence from crisis to confidence.,831,9676,11.64,>10,0,1,1,AC,89,"new york, ny",new york city,Local,Not Identified
StocktonPolice,19123045,stocktonpolice,Stockton Police Dept,1/17/2009 20:44,"The City of Stockton Police Department 22 E. Market Street Stockton, CA 95202 209-937-8377 #StocktonPD #SPD",1293,21129,16.34,>10,0,1,3,AC,2,"stockton, ca, usa","stockton, ca, usa",Local,Police
CLEpolice,19263978,cavs,Cleveland Cavaliers,1/20/2009 23:15,"The Twitter feed of the Cleveland Cavaliers. By tweeting us, you allow us to use it in any form of media. Become a #Cavs Insider here: https://t.co/f13yaWIirO",1751,1141721,652.04,>10,0,1,3,AC,140,"the q | cleveland, oh","cleveland, oh",Local,Not Identified
SLMPD,19598173,specialolympics,Special Olympics,1/27/2009 15:56,"Revealing the champion inside all of us, every day around the world.",1066,83527,78.36,>10,0,1,2,AC,11,"washington, dc","st. louis, mo",Non-Local,Other Sectors
PortlandPolice,19611483,usairforce,U.S. Air Force,1/27/2009 19:48,"Official U.S. Air Force Twitter (Following, RTs & links ‰äÊ endorsement) #AirForce",733,595886,812.94,>10,0,1,5,AC,47,"air, space and cyberspace","portland, oregon",Local,Not Identified
sppdPIO,19735065,stpaulpublicw,St Paul Public Works,1/29/2009 21:18,"This is the official page of the Saint Paul Public Works Department. Get updates on current activites, snow emergencies, street sweeping and more.",2712,7734,2.85,2->10,0,1,3,AC,15,"saint paul, minnesota","st. paul, mn",Local,Not Identified
sppdPIO,20001563,1500espn_reusse,Patrick Reusse,02-03-2009 20:35,This photo makes me tingle with joy.,483,30209,62.54,>10,0,1,1,AC,11,"st paul, mn","st. paul, mn",Local,Not Identified
NYPDnews,20264905,nyrangers,New York Rangers,02-06-2009 19:47,Official Twitter Account Of The New York Rangers,5823,669207,114.92,>10,0,1,2,AC,180,"new york, ny",new york city,Local,Not Identified
NYPDnews,21034425,ideascale,IdeaScale,2/16/2009 22:05,"We're interested in innovation, crowdsourcing, communities, ideas, and YOU. Learn more about us at http://t.co/wbCeDRmDCS.",439,4366,9.95,2->10,0,1,2,AC,45,"berkeley, ca",new york city,Non-Local,Not Identified
PortlandPolice,21512383,opb,OPB,2/21/2009 20:03,"Oregon Public Broadcasting: Giving voice to the community, connecting Oregon and its neighbors, illuminating a wider world.",905,62245,68.78,>10,0,1,3,AC,27,oregon,"portland, oregon",Local,Other Sectors
CLEpolice,21540911,gcrta,Greater Cleve RTA,2/22/2009 3:13,Largest public transit agency in Ohio,198,7290,36.82,>10,0,1,1,AC,1,"cleveland,ohio","cleveland, oh",Local,Other Sectors
StocktonPolice,21919379,maddonline,MADD,2/25/2009 21:11,"MADD's mission: to end drunk driving, help fight drugged driving, support the victims of these violent crimes and prevent underage drinking.",2374,23433,9.87,2->10,0,1,2,AC,10,"irving, tx","stockton, ca, usa",Non-Local,Other Sectors
NYPDnews,22049097,nycschools,NYC Public Schools,2/26/2009 19:26,"NYC Department of Education, serving 1.1 million students in over 1,800 schools | http://t.co/zyznLPg8g1",255,90413,354.56,>10,0,1,3,AC,36,"new york, ny",new york city,Local,Not Identified
PortlandPolice,22853715,katusteve,Steve Dunn,03-05-2009 00:32,Emmy Award winning Anchor for KATU News,8724,7944,0.91,<1,0,1,4,AC,4,,"portland, oregon",Missing,Media
NYPDnews,23457956,nleomf,NLEOMF,03-09-2009 16:50,Honoring Officers on the Memorial; Hosting National Police Week; Building National Law Enforcement Museum,2223,18607,8.37,2->10,0,1,1,AC,65,"washington, dc",new york city,Non-Local,Police
PortlandPolice,23684880,pdxrosefestival,Rose Festival,03-10-2009 23:52,"As Portland's official city event, the Rose Festival has served families and individuals from Oregon and beyond with events and programs for over 100 years.",2632,6609,2.51,2->10,0,1,1,AC,13,"portland, or","portland, oregon",Local,Not Identified
SLMPD,24048680,thepageantstl,The Pageant,03-12-2009 21:59,"St. Louis' premiere concert nightclub.

All prizes must be picked up at the venue unless otherwise stated.",154,41438,269.08,>10,0,1,4,AC,1,"saint louis, mo","st. louis, mo",Local,Not Identified
NYPDnews,24094444,siadvance,SIAdvance,3/13/2009 1:22,"The Staten Island Advance is the daily newspaper of Staten Island N.Y.

Snapchat: silivedotcom",509,22071,43.36,>10,0,1,2,AC,60,"staten island, n.y.",new york city,Local,Not Identified
StocktonPolice,24252924,sanjosepd,San Jose Police Dept,3/13/2009 20:59,"Official San Jose Police Department information - DO NOT USE TWITTER TO REPORT CRIMES - Call 911 or 408-277-8911, for non-emergencies call 311 or 408-277-8900",100,68381,683.81,>10,0,1,1,AC,22,"san jose, ca","stockton, ca, usa",Local,Not Identified
oaklandpoliceca,24906749,shotspotter,ShotSpotter,3/17/2009 16:24,"SST, Inc. - ShotSpotter - is the world leader in gunshot detection, alert and analysis solutions.",3695,3489,0.94,<1,0,1,5,AC,7,"newark, ca","oakland, ca",Local,Not Identified
PortlandPolice,25101704,seattlepd,Seattle Police Dept.,3/18/2009 16:32,"Seattle Police news/events. Call 911 to report emergencies. Site is not monitored 24/7. Comments, list of followers subject to public disclosure (RCW 42.56).",1909,203490,106.6,>10,0,1,1,AC,63,"seattle, washington","portland, oregon",Non-Local,Police
NYPDnews,25550748,bkcyclones,Brooklyn Cyclones,3/20/2009 18:34,Amazin' Starts Here!,390,15656,40.14,>10,0,1,2,AC,31,"brooklyn, ny",new york city,Non-Local,Not Identified
oaklandpoliceca,26270913,warriors,GoldenStateWarriors,3/24/2009 16:42,2015 NBA Champions ‰Û¢ #DubNation ‰Û¢ #WarriorsGround ‰Û¢ Add us on Snapchat åÈ https://t.co/i8Kpx6vOP6,881,1697703,1927.02,>10,0,1,2,AC,19,"oakland, ca","oakland, ca",Local,Not Identified
BPDVT,26587516,wvnywfff,Local 22 & Local 44,3/25/2009 20:49,"Local 22 and Local 44 is your source for news, weather, and sports in the Champlain Valley, Upper Valley, North Country, Adirondacks, and Montreal.",621,14685,23.65,>10,0,1,3,AC,1,"colchester, vt.","burlington, vermont",Non-Local,Not Identified
NYPDnews,27655610,timessquarenyc,Times Square,3/30/2009 15:19,"The Crossroads of the World.

Follow @TSqArts and @TSqNews for more!",1250,168225,134.58,>10,0,1,1,AC,61,"times square, new york city",new york city,Local,Not Identified
StocktonPolice,28571049,stockton911,Jason Anderson,04-03-2009 14:17,Covering crime and public safety in Stockton.,141,4488,31.83,>10,0,1,1,AC,7,"stockton, ca","stockton, ca, usa",Local,Other Sectors
PortlandPolice,28615495,ppbpio,Portland Police News,04-03-2009 17:53,News Releases from the @PortlandPolice Bureau Public Information Office (PPBPIO).,470,19681,41.87,>10,0,1,1,AC,2,"portland, oregon","portland, oregon",Local,Media
PortlandPolice,28758060,dallaspd,Dallas Police Depart,04-04-2009 07:16,Official Twitter Account for the Dallas Police Dept. THIS ACCT IS NOT MONITORED ON A 24 HOUR BASIS. FOR EMERGENCY CALL 9-1-1.,5704,91637,16.07,>10,0,1,3,AC,44,"dallas, tx","portland, oregon",Non-Local,Police
SFPD,30090529,recparksf,SF Rec and Park,04-09-2009 22:59,"San Francisco Recreation and Park Department oversees 220 parks and recreation facilities, including Golden Gate Park, Coit Tower and the Palace of Fine Arts.",667,14155,21.22,>10,0,1,3,AC,8,"san francisco, california","san francisco, ca",Local,Not Identified
SpokanePD,30313925,whitehouse,The White House,04-10-2009 21:10,"Follow for the latest from President Obama and his Administration. For tweets from the President, follow @POTUS. Tweets may be archived: https://t.co/eVVzoBb3Zr",223,10251546,45971.06,>10,0,1,5,AC,1,"washington, dc","spokane, wa",Non-Local,Not Identified
StocktonPolice,30354991,kamalaharris,Kamala Harris,04-11-2009 00:42,"CA Attorney General. Candidate for US Senate. Dedicated to fighting for justice & giving a voice to the voiceless. Wife, s-mom, sister, aunt. Aspiring chef.",667,48115,72.14,>10,0,1,3,AC,3,california,"stockton, ca, usa",Non-Local,Other Sectors
PortlandPolice,31029483,hillsboropolice,Hillsboro Police Dpt,4/14/2009 2:10,Hillsboro Police Department (Oregon),36,4789,133.03,>10,0,1,3,AC,4,"hillsboro, or","portland, oregon",Local,Police
CLEpolice,33179289,clevelandwater,Cleveland Water,4/19/2009 11:15,"Proud to serve safe, quality drinking water 24-7-365. Unfortunately, we can't do that & be on Twitter all day/night so for a water emergency, call 216-664-3060.",696,1820,2.61,2->10,0,1,1,AC,5,"cleveland, ohio","cleveland, oh",Local,Not Identified
SLMPD,34308692,govjaynixon,Governor Jay Nixon,4/22/2009 15:53,Official Twitter feed of Missouri Governor Jay Nixon,209,30377,145.34,>10,0,1,3,AC,3,,"st. louis, mo",Missing,Not Identified
SpokanePD,34421618,spokanecounty,Spokane County,4/22/2009 22:21,,4,3785,946.25,>10,0,1,2,AC,8,washington state,"spokane, wa",Non-Local,Not Provided
SFPD,35423929,sffdnert,SFFD NERT,4/26/2009 7:09,Official account for San Francisco's Neighborhood Emergency Response Team program.,308,2255,7.32,2->10,0,1,3,AC,7,"san francisco, ca","san francisco, ca",Local,Not Identified
NYPDnews,35773039,theatlantic,The Atlantic,4/27/2009 15:41,"Politics, culture, business, science, technology, health, education, global affairs, more. Tweets by @CaitlinFrazier",1023,1265551,1237.1,>10,0,1,3,AC,17,"washington, d.c.",new york city,Local,Not Identified
SLMPD,35810875,stlrcs,STL CRIMESTOPPERS,4/27/2009 18:05,Crime Doesn't Pay... CrimeStoppers Does,1580,1938,1.23,1->2,0,1,1,AC,59,st. louis region,"st. louis, mo",Local,Not Identified
sppdPIO,37032310,cityofsaintpaul,City of Saint Paul,05-01-2009 20:25,The most livable city in America.,600,37828,63.05,>10,0,1,1,AC,4,"saint paul, minnesota","st. paul, mn",Local,Not Identified
ScottsdalePD,37683289,gilbertpolice,Gilbert Police Dept.,05-04-2009 15:30,Tweets not monitored 24/7. The respect for individual rights is the basis of our constitution and the cornerstone of our values at the Gilbert Police Dept.,118,9387,79.55,>10,0,1,6,AC,8,"gilbert, arizona","scottsdale, arizona",Local,Police
NYPDnews,37683414,nyc311,New York City 311,05-04-2009 15:31,311 is your source for New York City non-emergency government services. Account not monitored 24 hours. User policy: http://t.co/gce3s6IMOg,209,145462,695.99,>10,0,1,2,AC,27,new york city,new york city,Local,Police
NYPDnews,37687633,nyc_dot,NYC DOT,05-04-2009 15:50,"Providing for the safe, efficient & sustainable movement of people & goods, in order to enhance the economy and quality of life in NYC. http://t.co/N0igPl3T7S",562,73941,131.57,>10,0,1,2,AC,35,new york city,new york city,Local,Not Identified
NYPDnews,39367703,mets,New York Mets,05-11-2009 23:04,Official Twitter of the New York Mets,1250,537642,430.11,>10,0,1,1,AC,942,citi field,new york city,Non-Local,Not Identified
SpokanePD,39853380,steveekxly,Stevee Chapman,5/13/2009 22:20,"Digital Media Producer @kxly4news. Analyzer of analytics, pretty outdoorsy, novice home cook, probably watching Parks & Rec.
Instagram: steveechapman",388,707,1.82,1->2,0,1,4,AC,3,wa,"spokane, wa",Local,Media
CLEpolice,40358743,browns,Cleveland Browns,5/15/2009 23:16,Official Twitter account of the Cleveland #Browns. Snapchat: OfficialBrowns,338,624703,1848.23,>10,0,1,1,AC,12,#dawgpound,"cleveland, oh",Non-Local,Not Identified
NYPDnews,40927173,yankees,New York Yankees,5/18/2009 18:00,Official Twitter of the New York Yankees,260,1650917,6349.68,>10,0,1,2,AC,45,yankee stadium,new york city,Non-Local,Not Identified
sppdPIO,41409629,stkate,St. Kate's,5/20/2009 17:54,"St. Catherine University prepares students to make a difference in their professions, their communities 
and the world. #stkates",2484,4118,1.66,1->2,0,1,7,AC,3,"st. paul, mn","st. paul, mn",Local,Not Identified
sppdPIO,42090411,mayorcoleman,Chris Coleman,5/23/2009 20:19,Mayor of the Most Livable City in America.,458,16404,35.82,>10,0,1,1,AC,4,saint paul,"st. paul, mn",Local,Politician
NYPDnews,42145896,nybloodcenter,NY Blood Center,5/24/2009 2:27,New York Blood Center is one of the nation's largest nonprofit community-based blood centers.,808,3350,4.15,2->10,0,1,2,AC,24,"new york, new jersey",new york city,Local,Not Identified
SLMPD,42299196,guyphillips,Guy Phillips,5/24/2009 22:59,,115,2496,21.7,>10,0,1,1,AC,2,st. louis,"st. louis, mo",Local,Not Provided
PortlandPolice,42711666,voodoodoughnut,Voodoo Doughnut,5/26/2009 20:28,"Voodoo Doughnut, where the magic is in the hole and good things come in pink boxes.",4401,25449,5.78,2->10,0,1,1,AC,113,oregon & denver,"portland, oregon",Local,Not Identified
PortlandPolice,42932101,multcoso,MCSO PIO,5/27/2009 17:35,Multnomah County Sheriff's Office,48,2494,51.96,>10,0,1,3,AC,40,multnomah county,"portland, oregon",Non-Local,Police
PortlandPolice,42980787,crimestoppersor,Crime Stoppers,5/27/2009 22:18,"Cash rewards up to $1,000 for information that leads to an arrest in any unsolved felony and you can remain anonymous. Call 503-823-HELP (4357) to leave a tip.",261,3492,13.38,>10,0,1,1,AC,2,oregon,"portland, oregon",Local,Not Identified
ScottsdalePD,43024351,sfgiants,San Francisco Giants,5/28/2009 2:12,3-Time World Champion @SFGiants. Official Hashtag = #SFGiants #WeAreSF #WeAreGiant | Instagram @SFGiants | Snapchat SFGiants,250,1035583,4142.33,>10,0,1,1,AC,15,"at&t park, san francisco, ca","scottsdale, arizona",Local,Not Identified
NYPDnews,43425975,ny1,NY1 News,5/29/2009 22:37,Updates from Time Warner Cable's 24-hr news channel in NYC. @NY1 is on Facebook & Instagram.,84,267997,3190.44,>10,0,1,2,AC,25,new york city,new york city,Local,Police
SLMPD,44208808,fairsaintlouis,Fair Saint Louis,06-02-2009 21:09,Fair Saint Louis ‰Û_ Where America Comes to Celebrate! #FairSTL,295,4695,15.92,>10,0,1,2,AC,11,"st. louis, mo","st. louis, mo",Local,Not Identified
SpokanePD,44318119,alyssakxly,Alyssa Donovan,06-03-2009 07:58,News & Weather reporter for KXLY4. Proud Illinois girl enjoying & exploring the Northwest! Opinions are my own.,578,1271,2.2,2->10,0,1,2,AC,13,"spokane, washington","spokane, wa",Local,Media
StocktonPolice,46470122,lasdhq,LA County Sheriff's,06-11-2009 19:39,Los Angeles County Sheriff's Department  (Headquarters). Official. #LASD https://t.co/icwmbvYOkv https://t.co/aqLb8Eq5Ml,462,50317,108.91,>10,0,1,3,AC,44,"los angeles county, california","stockton, ca, usa",Non-Local,Police
SLMPD,47093756,pridestl,Pride St. Louis,6/14/2009 13:46,PrideFest 2016 is June 24th-26th at Soldiers' Memorial in Downtown St. Louis!,1466,2101,1.43,1->2,0,1,3,AC,6,"st. louis, mo","st. louis, mo",Local,Not Identified
PortlandPolice,48765264,multcopets,MultCoAnimalServices,6/19/2009 17:16,"Multnomah County Animal Services offers pet adoptions, licensing, lost & found, cruelty investigation and rescue services.",148,1992,13.46,>10,0,1,1,AC,328,"multnomah county, oregon","portland, oregon",Local,Other Sectors
NYPDnews,48783951,johnjaycollege,John Jay College,6/19/2009 18:24,Official Twitter account for #JohnJayCollege at the City University of New York (#CUNY). Share with the JJC community using #MyJohnJay.,1292,7730,5.98,2->10,0,1,3,AC,23,"new york city, ny",new york city,Local,Not Identified
PortlandPolice,49706919,nhtsagov,NHTSA,6/22/2009 17:57,,447,39111,87.5,>10,0,1,1,AC,83,,"portland, oregon",Missing,Not Provided
NYPDnews,50687788,macys,Macy's,6/25/2009 16:13,The Magic of Macy‰Ûªs. Follow us for info about must-have fashion and exciting events from your favorite store. Need help? Email Care@macys.com,1201,931301,775.44,>10,0,1,1,AC,66,,new york city,Missing,Not Identified
SLMPD,52847728,cardinals,St. Louis Cardinals,07-01-2009 20:54,Official Twitter of the St. Louis Cardinals | #STLCards,1076,808582,751.47,>10,0,1,1,AC,14,busch stadium,"st. louis, mo",Non-Local,Not Identified
CLEpolice,52861612,indians,#VoteTribe,07-01-2009 21:44,Official Twitter of the Tribe. We don't make the lineup or control the weather. #VoteTribe through June 30 here: https://t.co/0Q5s2LHqpb,199,407839,2049.44,>10,0,1,3,AC,9,progressive field,"cleveland, oh",Non-Local,Not Identified
SFPD,52952857,up4life,United Playaz,07-02-2009 03:20,It Takes the Hood to Save the Hood,89,261,2.93,2->10,0,1,4,AC,8,san francisco,"san francisco, ca",Local,Not Identified
NYPDnews,54322036,doinews,NYC DOI Press Office,07-06-2009 20:27,"The Official Twitter of the NYC Department of Investigation, led by Commissioner Mark G. Peters. Report corruption tips to DOI at http://t.co/XVmFc3mEJO",126,6607,52.44,>10,0,1,3,AC,2,"new york, ny",new york city,Local,Not Identified
PortlandPolice,54885400,usnavy,U.S. Navy,07-08-2009 12:51,"Official Twitter account of the #USNavy. (Following, RTs and links ‰äÊ endorsement)",1224,652130,532.79,>10,0,1,5,AC,47,the 7 seas!,"portland, oregon",Non-Local,Politician
PortlandPolice,54996440,pdxstreetcar,Portland Streetcar,07-08-2009 19:15,Providing streetcar service to the Central City since 2001.,198,3279,16.56,>10,0,1,1,AC,10,"portland, oregon","portland, oregon",Local,Not Identified
StocktonPolice,56445001,rphillipsblog,Roger Phillips,7/13/2009 18:07,"City Hall reporter, courts coverage and multimedia journalist for The Record in Stockton.",746,1446,1.94,1->2,0,1,1,AC,1,"stockton, california","stockton, ca, usa",Local,Media
NYPDnews,57328056,antiviolence,AVP,7/16/2009 13:02,"AVP provides counseling, advocacy, community organizing support, and education in our mission to end violence against LGBTQ and HIV-affected communities.",1585,3114,1.96,1->2,0,1,1,AC,14,"new york, ny",new york city,Local,Other Sectors
detroitpolice,57457257,detroitk12,DetroitPublicSchools,7/16/2009 21:49,"Detroit Public Schools, the largest school system in Michigan, is focused on creating Centers of Excellence in every school and neighborhood for every child.",289,6438,22.28,>10,0,1,3,AC,1,detroit,"city of detroit, mi",Local,Other Sectors
PortlandPolice,59539942,ahnw,Adventist Med Center,7/23/2009 18:05,"Adventist Medical Center: Our mission is to be the healing ministry of Jesus Christ. Tweets mostly from Adam, social media manager.",1314,3135,2.39,2->10,0,1,4,AC,6,"portland, or","portland, oregon",Local,Other Sectors
SLMPD,60682038,harrisstowe,Harris-Stowe Univ,7/27/2009 19:12,We educate! Go Hornets!,255,987,3.87,2->10,0,1,3,AC,8,"st. louis, missouri","st. louis, mo",Local,Not Identified
SFPD,60981012,sfacc,SF Animal Care,7/28/2009 18:28,"Dogs, cats, birds, bunnies, guinea pigs, hamsters, rats #animalrescue and #adoptions. San Francisco‰Ûªs only open door shelter. Home to Animal Cops San Francisco.",230,1347,5.86,2->10,0,1,1,AC,5,"san francisco, ca","san francisco, ca",Local,Not Identified
NYPDnews,61903300,makeawish,Make-A-Wish America,7/31/2009 23:26,"We grant the wishes of children with life-threatening medical conditions to enrich the human experience with hope, strength and joy",10313,205778,19.95,>10,0,1,4,AC,31,"phoenix, az",new york city,Non-Local,Not Identified
SFPD,62118332,salvationarmysf,Salvation Army SF,08-01-2009 21:05,Salvation Army has been serving SF for 130 years! Its enthusiasm to serve those in need is driven by its mission: to meet human need... without discrimination.,2391,2864,1.2,1->2,0,1,3,AC,8,san francisco,"san francisco, ca",Local,Not Identified
NYPDnews,66369181,deptofdefense,U.S. Dept of Defense,8/17/2009 14:43,Official account of the Department of Defense. Full coverage of events: @DoDNews,941,2175186,2311.57,>10,0,1,2,AC,43,"washington, dc",new york city,Non-Local,Politician
SLMPD,66432658,chaseparkplaza,The Chase Park Plaza,8/17/2009 18:01,"Historic, luxury hotel in the Central West End, St. Louis.  Tweeting about what is happening at the hotel...we would love to hear from you!",1396,1894,1.36,1->2,0,1,2,AC,6,"saint louis, mo","st. louis, mo",Local,Not Identified
sppdPIO,66967746,metpoliceuk,Metropolitan Police,8/19/2009 10:41,"London's Metropolitan Police Service. 
Also at http://t.co/lgQORuJh. 
Don't report crime on Twitter. In emergencies always call 999. http://t.co/hQbnhW7l.",417,419027,1004.86,>10,0,1,7,AC,0,london,"st. paul, mn",Non-Local,Not Identified
VBPD,70387394,virginiabeachfd,VBFD,8/31/2009 13:06,The official twitter account for Virginia Beach Fire Department. Follow us on facebook at http://t.co/6s4pkqMcW8,98,2175,22.19,>10,0,1,3,AC,12,virginia beach,"virginia beach, va",Local,Not Identified
SLMPD,71026122,mcdonalds,McDonald's,09-02-2009 17:46,Welcome to the McDonald‰Ûªs USA Twitter page! Customer Service: @Reachout_mcd - Global questions: @McDonaldsCorp,14668,3212996,219.05,>10,0,1,3,AC,12,,"st. louis, mo",Missing,Not Identified
VBPD,73426269,toledopolice,Toledo Police,09-11-2009 16:46,THE OFFICIAL TWITTER PAGE OF THE TOLEDO POLICE DEPARTMENT,72,12114,168.25,>10,0,1,2,AC,2,"toledo, ohio","virginia beach, va",Non-Local,Police
SpokanePD,78087055,policemag,POLICE Magazine,9/28/2009 18:41,Helping law enforcement officers do their job more effectively and safely. POLICE Magazine - http://t.co/BltwXvEoyR #police #sheriff #criminaljustice #officer,4756,21901,4.6,2->10,0,1,3,AC,6,law enforcement community,"spokane, wa",Non-Local,Police
PortlandPolice,78109966,indowntownpdx,Downtown Portland,9/28/2009 20:12,"Sip, eat and explore with us. Make the most of your time in downtown Portland!  #downtownPDX",3736,48963,13.11,>10,0,1,5,AC,46,"portland, oregon","portland, oregon",Local,Not Identified
PortlandPolice,78728861,arlingtonpd,"Arlington Police, TX",9/30/2009 22:41,The official Twitter page for the Arlington (TX) Police Department. Not monitored 24/7 so please dial 911 in the event of an emergency.,898,60087,66.91,>10,0,1,3,AC,44,"arlington, tx","portland, oregon",Non-Local,Police
PortlandPolice,78747850,lloydcentermall,Lloyd Center Mall,10-01-2009 00:08,"I've been hired by Lloyd Center to be your very own Personal Shopper! I'll keep you posted on great finds, fashion tips and hip happenings @ Lloyd Center.",11,76,6.91,2->10,0,1,3,AC,3,portland oregon,"portland, oregon",Local,Not Identified
PortlandPolice,80102659,7eleven,7-Eleven,10-05-2009 19:19,7-Eleven USA. Watch as we take #HacksOnSnacks to new levels with the sweetest hacks everrrr. #Slurpee50,33,100953,3059.18,>10,0,1,1,AC,13,"dallas, tx","portland, oregon",Non-Local,Not Identified
ScottsdalePD,80397168,azautotheft,Arizona Auto Theft,10-06-2009 20:38,,165,249,1.51,1->2,0,1,6,AC,8,"phoenix, arizona","scottsdale, arizona",Local,Not Provided
SFPD,82408312,cincinnatipd,Cincinnati Police,10/14/2009 17:17,,89,14061,157.99,>10,0,1,2,AC,80,"cincinnati, ohio 45214","san francisco, ca",Non-Local,Not Provided
NYPDnews,88019884,nycpride,New York City Pride,11-06-2009 19:59,"NYC Pride is the 501c3 non-profit responsible for producing the official LGBT Pride Week events annually in New York City. NYC Pride 2016: 6/19 - 26, 2016.",246,19392,78.83,>10,0,1,3,AC,80,new york city,new york city,Local,Not Identified
PortlandPolice,89369100,hattiesburg_ms,City of Hattiesburg,11-12-2009 04:11,All the official updates you need from your City of Hattiesburg departments.,952,5613,5.9,2->10,0,1,1,AC,161,"hattiesburg, ms","portland, oregon",Non-Local,Not Identified
SpokanePD,90515306,spokanefire,Brian Schaeffer,11/16/2009 23:43,The Official and Verified Twitter Feed of Brian Schaeffer and the Spokane Fire Department. This site is not monitored. Call 911 for Fire or Medical assistance.,0,2706,Inf,>10,0,1,3,AC,7,"spokane, wa","spokane, wa",Local,Not Identified
SLMPD,93545284,greatdaystlouis,Great Day St. Louis,11/30/2009 2:52,Watch Great Day St. Louis every weekday at 9:00 AM on KMOV Channel 4!,76,3588,47.21,>10,0,1,4,AC,5,"st. louis, missouri","st. louis, mo",Local,Not Identified
SpokanePD,93736499,jeffrossen,Jeff Rossen,11/30/2009 23:27,"NBC's National Investigative Correspondent -- #RossenReports, Emmy and Peabody Award Winner, Instrument Pilot, Proud Dad, Dream Interpreter.",335,31133,92.93,>10,0,1,4,AC,5,"new york, ny","spokane, wa",Non-Local,Media
NYPDnews,94013297,mmviverito,Melissa MarkViverito,12-02-2009 03:42,"Speaker, @NYCCouncil | Representing District 8 (El Barrio/East Harlem and the South Bronx)",2858,22515,7.88,2->10,0,1,3,AC,20,"el barrio, south bronx, nyc",new york city,Non-Local,Politician
NYPDnews,94129050,mta,MTA,12-02-2009 17:06,"The official Twitter feed of the Metropolitan Transportation Authority of the State of New York. This is not monitored 24/7. To report an emergency, dial 911.",254,498859,1964.01,>10,0,1,2,AC,10,new york metro region,new york city,Local,Not Identified
SFPD,95453782,omahapolice,Omaha Police Dept.,12-08-2009 16:39,This account is not monitored 24/7. Call 911 for emergencies or anything requiring a police response. Stay safe!,2007,43498,21.67,>10,0,1,1,AC,65,"omaha, nebraska","san francisco, ca",Non-Local,Police
NYPDnews,95930552,nyautoshow,New York Auto Show,12-10-2009 16:09,The official Twitter of the New York International Auto Show. #NYIAS,378,33914,89.72,>10,0,1,1,AC,111,jacob javits center,new york city,Non-Local,Not Identified
BPDVT,102887944,mirobtv,Miro Weinberger,01-08-2010 04:44,"Mayor of Burlington, Vermont. Elected March 6, 2012. Tweets marked -tm are from Team Miro.",710,5622,7.92,2->10,0,1,2,AC,3,"burlington, vt","burlington, vermont",Local,Politician
oaklandpoliceca,103535653,libbyformayor,Libby Schaaf,01-10-2010 10:12,,625,4118,6.59,2->10,0,1,2,AC,10,"oakland, ca","oakland, ca",Local,Not Provided
NYPDnews,119166791,amtrak,Amtrak,03-02-2010 21:35,Ride with #Amtrak and discover the nicer way to travel.,423,109210,258.18,>10,0,1,2,AC,62,over 500 destinations,new york city,Non-Local,Not Identified
NYPDnews,121254571,thegarden,MSG,03-08-2010 23:08,"Official Twitter for ‰ÛÏWorld‰Ûªs Most Famous Arena,‰Û #MadisonSquareGarden and the #TheaterMSG Instagram: @MadisonSquareGarden",5314,179205,33.72,>10,0,1,1,AC,271,"new york, ny",new york city,Local,Not Identified
NYPDnews,126511890,nycha,NYCHA,3/26/2010 3:07,"With over 400,000 residents living in 177,666 apartments, NYCHA is the largest & oldest public housing authority in the nation https://t.co/N0igPl3T7S",1383,17695,12.79,>10,0,1,3,AC,20,new york city,new york city,Local,Other Sectors
SLMPD,132207839,sluhospital,SLU Hospital,04-12-2010 15:51,"At Saint Louis University Hospital, You Are Special, We Are Specialists.",525,1744,3.32,2->10,0,1,1,AC,14,"st. louis, missouri","st. louis, mo",Local,Not Identified
detroitpolice,137781438,christytv,Christy McDonald,4/27/2010 19:02,"TV anchor for PBS Detroit @MiWeek , mother of 3, blogger, sometimes karaoke singer, tennis junkie, wife to Detroit sports guy @JamieSamuelsen",266,5373,20.2,>10,0,1,5,AC,6,"troy, michigan","city of detroit, mi",Non-Local,Media
NYPDnews,142466307,tunnel2towers,Tunnel To Towers,05-10-2010 23:49,Official page for the Stephen Siller Tunnel To Towers Foundation. Supporting our first responders & military heroes. #OurBravest,1500,4764,3.18,2->10,0,1,1,AC,106,"ny, ny",new york city,Non-Local,Not Identified
sppdPIO,146569971,cdcgov,CDC,5/21/2010 19:40,CDC's official Twitter source for daily credible health & safety updates f/ Centers for Disease Control & Prevention. Privacy policy http://t.co/nTOTJDCRyO,263,664849,2527.94,>10,0,1,1,AC,41,"atlanta, ga","st. paul, mn",Non-Local,Not Identified
sppdPIO,163876555,mndotnews,MnDOT,07-07-2010 14:06,This is the official source of news from MnDOT--check here for news releases (and @mndottraffic for metro traffic updates),122,21791,178.61,>10,0,1,1,AC,2,minnesota,"st. paul, mn",Non-Local,Media
ScottsdalePD,169586790,mesapd,Mesa Police Dept.,7/22/2010 18:04,"Site not monitored 24/7. For emergencies call 9-1-1. Follows/RTs are not endorsements.
http://t.co/9Ej37KhMgL",1417,11731,8.28,2->10,0,1,6,AC,8,"mesa, arizona","scottsdale, arizona",Local,Not Identified
detroitpolice,174136525,bodycam,yongsun,08-03-2010 05:25,,5,2,0.4,<1,0,1,2,AC,7,,"city of detroit, mi",Missing,Not Provided
SLMPD,179539494,thegrovestl,The Grove STL,8/17/2010 14:58,,222,8174,36.82,>10,0,1,4,AC,2,"st. louis, mo","st. louis, mo",Local,Not Provided
detroitpolice,188486985,police,dago,09-08-2010 21:13,,49,853,17.41,>10,0,1,1,AC,2,,"city of detroit, mi",Missing,Not Provided
PortlandPolice,199451056,dpdchief,Chief David O. Brown,10-06-2010 22:18,"David O. Brown is the 28th Chief of Police for the City of Dallas, a 30 year veteran, and native Dallasite.",14348,16276,1.13,1->2,0,1,3,AC,75,"dallas, texas","portland, oregon",Non-Local,Police
boulderpolice,206755368,boulderconews,Boulder CO News,10/23/2010 16:59,"Curating the best media feeds in Boulder. 
Part of the 400-city The Breaking News Network, the largest community news network supporting the social good",390,2485,6.37,2->10,0,1,1,AC,4,"boulder, co","boulder, co",Local,Media
PortlandPolice,212409015,bgcportland,BGCP,11-06-2010 00:29,"Since 1946, Boys & Girls Clubs of Portland has been providing young people with affordable, high-quality after-school and summer programs.",477,568,1.19,1->2,0,1,1,AC,5,"portland, or","portland, oregon",Local,Other Sectors
SFPD,213886535,vicleeabc7,Vic Lee,11-10-2010 01:15,Vic Lee is a general assignment reporter whose specialty is enterprise reporting. You can see his reports weeknights on ABC7 News at 5 and 6.,53,3586,67.66,>10,0,1,3,AC,6,san francisco,"san francisco, ca",Local,Media
oaklandpoliceca,215387082,oaklandfirelive,Oakland Firefighters,11/13/2010 20:05,"Live news feed from the front lines of Oakland Fire --- ok to use posted photos, please credit @Oaklandfirelive ---",0,5590,Inf,>10,0,1,5,AC,7,"oakland, ca","oakland, ca",Local,Media
detroitpolice,224720046,cobocenter,"Cobo Center, Detroit",12-09-2010 18:08,"Cobo Center is a world-class meeting and convention facility, located along a beautiful international riverfront in the heart of a vibrant  downtown Detroit.",3228,5182,1.61,1->2,0,1,4,AC,3,"detroit, mi","city of detroit, mi",Local,Not Identified
detroitpolice,233702263,opportunitydet,Opportunity Detroit,01-03-2011 22:27,"Showcasing Detroit's exciting present and promising future by creating an urban environment that attracts businesses, residents, and visitors.",3474,23797,6.85,2->10,0,1,3,AC,9,"detroit, michigan","city of detroit, mi",Local,Not Identified
SLMPD,243693621,petarmor,PetArmor,1/27/2011 16:20,Protect your pets and help prevent reinfestation year round with PetArmorå¨.,535,778,1.45,1->2,0,1,2,AC,35,,"st. louis, mo",Missing,Other Sectors
ScottsdalePD,244255050,marcoattorney,MaricopaCounty Atty.,1/28/2011 22:11,News and information from the Maricopa County Attorney's Office,172,1535,8.92,2->10,0,1,6,AC,8,"phoenix, az","scottsdale, arizona",Non-Local,Other Sectors
NYPDnews,250831586,therock,Dwayne Johnson,02-11-2011 22:14,Dude.,66,10161107,153956.17,>10,0,1,1,AC,60,,new york city,Missing,Not Identified
SpokanePD,261867985,cdapd,Coeur d'Alene Police,03-06-2011 21:39,Serving the citizens of Coeur d'Alene Idaho.,20,2036,101.8,>10,0,1,1,AC,31,"coeur d'alene, id","spokane, wa",Non-Local,Not Identified
PortlandPolice,262911271,portlandia,Portlandia,03-09-2011 00:44,Keep it weird.,858,155758,181.54,>10,0,1,1,AC,13,,"portland, oregon",Missing,Not Identified
NYPDnews,264174173,barclayscenter,Barclays Center,03-11-2011 13:22,"Official Barclays Center Twitter Account. Follow us for show announcements, behind the scenes photos and exclusive offers.",1742,49092,28.18,>10,0,1,2,AC,12,"pacific park, brooklyn, ny",new york city,Non-Local,Not Identified
SLMPD,267841234,saintlouco,StLouisCo,3/17/2011 16:57,"St. Louis County, Missouri  Government's official twitter profile.",1443,9718,6.73,2->10,0,1,4,AC,8,"saint louis county, missouri","st. louis, mo",Local,Politician
NYPDnews,269905000,rcklandboulders,Rockland Boulders,3/21/2011 17:22,Rockland Boulders Official Twitter! Experience the FunShihe! Facebook: https://t.co/pF37s20ge8. Website: https://t.co/hZ0amr2cYl #BOULDERUP,573,3152,5.5,2->10,0,1,2,AC,94,"ramapo, ny",new york city,Non-Local,Not Identified
SpokanePD,292589285,david_a_condon,David Condon,05-03-2011 22:13,Mayor @SpokaneCity,135,922,6.83,2->10,0,1,4,AC,2,"spokane, wa","spokane, wa",Local,Politician
NYPDnews,304094406,memphispd,MemphisPD,5/23/2011 22:43,THIS ACCT IS NOT MONITORED ON A 24 HOUR BASIS. FOR EMERGENCY CALL 9-1-1.,277,1346,4.86,2->10,0,1,2,AC,137,"memphis, tn",new york city,Non-Local,Not Identified
NYPDnews,322807298,nycdcas,NYC DCAS,6/23/2011 19:39,DCAS ensures that City agencies have the critical resources and support needed to provide the best possible services to the public.,331,2523,7.62,2->10,0,1,3,AC,11,one centre  st.,new york city,Non-Local,Not Identified
detroitpolice,325830217,vp,Vice President Biden,6/28/2011 23:07,"Father, grandfather, husband to @DrBiden, and 47th Vice President of the United States. Tweets may be archived: https://t.co/eVVzoBb3Zr.",123,1236090,10049.51,>10,0,1,3,AC,2,"washington, d.c.","city of detroit, mi",Local,Politician
StocktonPolice,326239143,timdaly52,tim daly,6/29/2011 16:13,former tv reporter / now video producer,161,739,4.59,2->10,0,1,3,AC,8,"stockton, ca","stockton, ca, usa",Local,Media
SpokanePD,338657840,spokaneem,SpokaneEM,7/19/2011 22:16,,0,19,Inf,>10,0,1,4,AC,1,,"spokane, wa",Missing,Not Provided
NYPDnews,343728565,finestfootball,Finest Football Team,7/28/2011 0:22,A semi-pro football team that is a registered non profit organization and a proud member of the National Public Safety Football League (NPSFL).,811,1046,1.29,1->2,0,1,2,AC,53,new york city,new york city,Local,Other Sectors
SLMPD,344154786,chrisregniertv,Chris Regnier,7/28/2011 16:38,"Watch me on KTVI FOX 2 News In The Morning, weekdays, covering the latest news around the St. Louis, MO area.",99,4315,43.59,>10,0,1,1,AC,7,"st. louis, mo","st. louis, mo",Local,Media
SLMPD,344871208,forestpark4ever,Forest Park Forever,7/29/2011 18:27,"Our mission is to restore, maintain and sustain  St. Louis' Forest Park as one of America's great urban public parks, for the enjoyment of all ‰ÛÓ now & forever.",493,4538,9.2,2->10,0,1,3,AC,3,"st. louis, mo","st. louis, mo",Local,Other Sectors
NYPDnews,356834376,nycsanitation,NYC Sanitation,8/17/2011 12:58,"World's largest municipal sanitation force, collecting 12,000 tons of refuse/ recycling a day. Account not monitored 24 hrs. User policy: http://t.co/SceZgFtjq3",27,21813,807.89,>10,0,1,2,AC,38,new york city,new york city,Local,Police
NYPDnews,360185259,7boomeresiason,Boomer Esiason,8/22/2011 20:37,"CBS NFL TODAY,WFAN,WESTWOODONE MNF, WASPS HOCKEY, SHOWTIME",212,166802,786.8,>10,0,1,1,AC,119,"manhattan,ny",new york city,Non-Local,Media
NYPDnews,361492848,boomerandcarton,Boomer & Carton Show,8/24/2011 21:34,Official page for The B&C Show on WFAN- 101.9 FM & 660 AM. On TV- CBS Sports Network. Updated live throughout the show letting u know what we're doing,282,80386,285.06,>10,0,1,2,AC,242,"new york, ny",new york city,Local,Media
sppdPIO,364024607,regchapman,Reg Chapman,8/29/2011 2:27,"I am a reporter at WCCO-TV in Minneapolis, MN.",904,3301,3.65,2->10,0,1,7,AC,3,"minneapolis, mn","st. paul, mn",Local,Media
detroitpolice,376949684,nolanfinleydn,Nolan Finley,9/20/2011 19:24,"Editorial page editor of The Detroit News. Author of Little Red Hen, A Collection of Columns From Detroit's Conservative Voice. Available on Amazon. @miweek.",1371,6476,4.72,2->10,0,1,5,AC,6,detroit,"city of detroit, mi",Local,Media
StocktonPolice,377545903,ots_ca,CA Traffic Safety,9/21/2011 19:03,"The California Office of Traffic Safety‰Ûªs mission is to administer traffic safety grant funds to reduce traffic deaths, injuries, and economic losses.",386,8054,20.87,>10,0,1,2,AC,9,california,"stockton, ca, usa",Non-Local,Not Identified
PortlandPolice,381797105,greshampd,Gresham Police Dept.,9/28/2011 23:31,Proudly protecting and serving the citizens of Gresham.,78,3347,42.91,>10,0,1,2,AC,1,"gresham, or usa","portland, oregon",Local,Not Identified
StocktonPolice,385535253,chp_hq,CHP Headquarters,10-05-2011 17:33,Community Outreach and Media Relations represents the California Highway Patrol in dealings with the news media and statewide community outreach activities.,644,21040,32.67,>10,0,1,2,AC,30,"sacramento, calif.","stockton, ca, usa",Non-Local,Media
StocktonPolice,386956614,usacrimestop,Crime Stoppers USA,10-08-2011 06:34,"Communities In Partnership with Police & Media To Help Stop, Solve & Prevent Crime ‰Û¢ 24/7 Nationwide Anonymous Tip Line 1-800-222-TIPS ‰Û¢ Tweets by Scott Abrams",523,1631,3.12,2->10,0,1,1,AC,3,united states,"stockton, ca, usa",Non-Local,Police
PortlandPolice,388375389,nikeportland,Nike Portland,10-10-2011 16:58,"Serving all athletes, rain or shine. #nikeportland",24,113167,4715.29,>10,0,1,5,AC,46,"portland, or","portland, oregon",Local,Not Identified
detroitpolice,393541673,shendersonfreep,Stephen Henderson,10/18/2011 17:58,"Edit page editor, @Freep. Host of Detroit Today. Native Detroiter. UD Jesuit and U of Michigan alum. Write about policy, politics.",255,9164,35.94,>10,0,1,2,AC,7,"detroit, mi","city of detroit, mi",Local,Media
oaklandpoliceca,410893575,sanleandropd,San Leandro PD,11-12-2011 18:25,510-577-2740,151,2677,17.73,>10,0,1,3,AC,35,"san leandro, ca","oakland, ca",Local,Not Identified
PortlandPolice,432056999,salem_police,Salem Police Dept.,12-09-2011 00:21,#SalemOR PD w/crime & safety info just for you. Account not monitored 24/7/365 so not all police activity w/b posted. Report non-emergency crime @ 503-588-6123.,81,5790,71.48,>10,0,1,1,AC,106,oregon,"portland, oregon",Local,Police
ScottsdalePD,480852384,drivescottsdale,Drive Scottsdale,02-02-2012 00:21,Official city of Scottsdale (@ScottsdaleAZGov) Traffic Management Center & Transportation Department updates,5,697,139.4,>10,0,1,1,AC,13,"scottsdale, az","scottsdale, arizona",Local,Not Identified
NYPDnews,494038426,johngambling,John Gambling,2/16/2012 13:14,Radio Talk Show Host on AM 970 THE ANSWER M-F 11am-1pm,9,501,55.67,>10,0,1,3,AC,8,new york,new york city,Local,Media
StocktonPolice,494292335,kcramelindameza,Melinda Meza,2/16/2012 18:54,News Reporter for KCRA,108,853,7.9,2->10,0,1,4,AC,8,,"stockton, ca, usa",Missing,Media
sppdPIO,508120967,policeclips,Police Clips,2/29/2012 0:12,Are there Cops with guns outside your door? Are Police helicopters flying over? Follow us and you'll know why.,426,10240,24.04,>10,0,1,2,AC,0,minnesota,"st. paul, mn",Non-Local,Not Identified
CLEpolice,545196278,clevelandfire,ClevelandFire,04-04-2012 15:07,"Official Twitter page of the Cleveland, Ohio Division of Fire. This account is not monitored 24/7. Always dial 9-1-1 for emergencies.",731,3894,5.33,2->10,0,1,2,AC,113,"cleveland, oh","cleveland, oh",Local,Not Identified
NYPDnews,550673260,67clergycouncil,67th Precinct Clergy,04-11-2012 03:44,"The 67th Precinct Clergy Council, Inc., #GodSquad - serves as an liaison between the cops, community and congregation in Central Brooklyn and beyond.",644,846,1.31,1->2,0,1,2,AC,30,"central brooklyn, ny",new york city,Non-Local,Not Identified
SpokanePD,569250457,southperryhood,South Perry Neighbor,05-02-2012 16:51,South Perry neighborhood resident and advocate for the development of 20-minute neighborhoods,42,1036,24.67,>10,0,1,4,AC,2,"spokane, wa","spokane, wa",Local,Other Sectors
SpokanePD,590238123,jeffkxly4,Jeff Humphrey,5/25/2012 17:12,"@kxly4news reporter, husband, dad, surfer. Got a story idea? E-mail me at jeffhu@kxly.com",70,2012,28.74,>10,0,1,3,AC,6,,"spokane, wa",Missing,Media
SLMPD,596520239,towergrovepark,Tower Grove Park,06-01-2012 14:43,"Tower Grove Park is a National Historic Landmark, one of the nation's best examples of a Victorian walking park. We welcome YOU to South City!",405,3437,8.49,2->10,0,1,2,AC,3,"st. louis, mo","st. louis, mo",Local,Not Identified
detroitpolice,600583058,chiefforte,chiefforte,06-06-2012 01:46,,8777,12838,1.46,1->2,0,1,3,AC,2,,"city of detroit, mi",Missing,Not Provided
SLMPD,602060263,slps_info,SLPS INFO,06-07-2012 17:38,This is the official Twitter page for Saint Louis Public Schools.,581,3074,5.29,2->10,0,1,3,AC,8,"st. louis, mo","st. louis, mo",Local,Not Identified
PortlandPolice,605813131,tuckermaxon,Tucker Maxon School,06-11-2012 22:46,"A families first choice for conversation, confidence, creativity, and community.",41,81,1.98,1->2,0,1,3,AC,10,"portland, or","portland, oregon",Local,Other Sectors
PortlandPolice,609584086,beavertonpolice,Beaverton Police,6/16/2012 1:18,COURAGE - COMPASSION - INTEGRITY Call 911 for Emergencies / (503) 629-0111 for Non-Emergencies,33,3661,110.94,>10,0,1,1,AC,29,"beaverton, oregon","portland, oregon",Local,Not Identified
NYPDnews,627416210,goalny,GOAL - NYC,07-05-2012 14:11,Gay Officers Action League for #LGBTQ Law Enforcement & Official Fraternal Organization of the NYPD ‰Û¢ Facebook: GOALny ‰Û¢ Instagram: https://t.co/Xval2Jc24Y,1610,989,0.61,<1,0,1,3,AC,80,"new york, ny",new york city,Local,Not Identified
NYPDnews,716812878,sdnynews,US Attorney SDNY,7/25/2012 21:37,SDNY U.S. Attorney‰Ûªs Office led by Preet Bharara. Est. 1789. DOJ does not collect comments or messages through this account. Learn more at http://t.co/h8R41xPx,371,17119,46.14,>10,0,1,1,AC,33,southern district of new york,new york city,Local,Other Sectors
PortlandPolice,746019918,orstatepolice,Oregon State Police,08-08-2012 22:00,"OSP is a full-service public safety agency. For emergencies call 911 or OSP dispatch center. Looking for more info @ OSP, please visit our website.",157,19863,126.52,>10,0,1,1,AC,19,"salem, oregon","portland, oregon",Local,Not Identified
SLMPD,771619838,ywcastl,YWCA Metro St. Louis,8/21/2012 14:33,eliminating racism     empowering women,464,561,1.21,1->2,0,1,2,AC,11,"st. louis, mo","st. louis, mo",Local,Not Identified
detroitpolice,821865132,wpdpio,Wilmington Police,9/13/2012 17:13,The Wilmington Department of Police has 320 sworn members to protect and serve the citizens of Wilmington Delaware.,232,2255,9.72,2->10,0,1,4,AC,7,wilmington de,"city of detroit, mi",Local,Police
sppdPIO,919755206,nyspolice,NewYorkStatePolice,11-01-2012 19:59,Welcome to the official New York State Police Twitter page,143,23804,166.46,>10,0,1,2,AC,363,,"st. paul, mn",Missing,Police
sppdPIO,957582204,chsfieldstpaul,CHS Field,11/19/2012 15:00,Official Twitter feed for CHS Field. Content posted by the City of Saint Paul - Parks and Recreation Department,50,1395,27.9,>10,0,1,3,AC,1,"lowertown, saint paul","st. paul, mn",Local,Not Identified
sppdPIO,1148251423,stpaulfiredept,Saint Paul Fire Dept,02-04-2013 15:05,The official Twitter page for the Saint Paul Fire Department.,51,4214,82.63,>10,0,1,4,AC,2,"saint paul, minnesota","st. paul, mn",Local,Not Identified
NYPDnews,1178700896,ajam,Al Jazeera America,2/14/2013 11:45,"Reporting unbiased, fact-based and in-depth journalism that gets you closer to the people at the heart of the news",273,328465,1203.17,>10,0,1,3,AC,31,us,new york city,Non-Local,Media
CLEpolice,1228127438,towerlightscle,Terminal Tower CLE,2/28/2013 18:33,"Interact with Cleveland's historic Terminal Tower. Stay up to date on the fancy color changing LED lights. Who knows, maybe even pick the colors!",269,27368,101.74,>10,0,1,3,AC,140,cleveland ohio,"cleveland, oh",Local,Not Identified
PortlandPolice,1270653338,bikeindex,Bike Index,3/15/2013 20:37,"Bike Registration that works - more than 2,900 stolen bikes recovered. Register your bicycle for free at https://t.co/q3v0SFW5Tc",1011,1574,1.56,1->2,0,1,5,AC,16,,"portland, oregon",Missing,Other Sectors
NYPDnews,1289815244,rikkijklieman,Rikki Klieman,3/22/2013 22:29,"Attorney, Legal Analyst and Best-selling Author",230,2002,8.7,2->10,0,1,2,AC,79,,new york city,Missing,Other Sectors
PortlandPolice,1328428802,ridehelios,Helios Biking,04-05-2013 05:10,Transform any bike into a smart bike with Helios Bars. / HAXLR8R 2013,229,636,2.78,2->10,0,1,5,AC,16,sf / china,"portland, oregon",Non-Local,Other Sectors
SLMPD,1342349522,jeriatwood,Jeri Atwood,04-10-2013 16:43,,5,11,2.2,2->10,0,1,2,AC,4,,"st. louis, mo",Missing,Not Provided
SLMPD,1376982097,philadelphiapd,Philadelphia Police,4/24/2013 12:47,,27,537,19.89,>10,0,1,5,AC,6,,"st. louis, mo",Missing,Not Provided
SFPD,1393084052,sfpdrichmond,SFPD RichmondStation,4/30/2013 21:16,Official Twitter of San Francisco Police Department's Richmond Station.  Tweets not monitored 24/7. Call 911 to report an emergency,130,1821,14.01,>10,0,1,1,AC,1,"san francisco, california","san francisco, ca",Local,Police
BPDVT,1413633806,btvrotary,Burlington VT Rotary,05-08-2013 19:18,"Service Above Self 
Great Speakers
Full of Fellowship
Mondays 12-1:30 
All are welcome",235,208,0.89,<1,0,1,2,AC,1,battery st. hilton - btv,"burlington, vermont",Non-Local,Not Identified
sppdPIO,1465347422,downtownbeat,SPPD DowntownBeat,5/28/2013 18:16,St. Paul Police Downtown Beat,172,216,1.26,1->2,0,1,2,AC,0,"saint paul, minnesota","st. paul, mn",Local,Police
NYPDnews,1534801405,ednynews,US Attorney EDNY,6/20/2013 19:29,Official account of the US Attorney's Office for the Eastern District of New York. We don't collect comments or messages. Learn more http://t.co/lN2tjs3sQY,210,3995,19.02,>10,0,1,1,AC,31,"brooklyn, new york",new york city,Local,Politician
NYPDnews,1540846382,nypd,NYPD,6/23/2013 12:12,New York Product Designers,0,1647,Inf,>10,0,1,4,AC,16,new york city,new york city,Local,Not Identified
NYPDnews,1548489476,politicomag,POLITICO Magazine,6/26/2013 15:44,Hard-hitting reporting and original ideas about the stories that matter most. Sign up for our weekly email: https://t.co/56hpvkX3Bm,93,30615,329.19,>10,0,1,2,AC,59,,new york city,Missing,Media
sppdPIO,1553796871,ramseysheriff,Ramsey Sheriff (MN),6/28/2013 18:47,This is the official Twitter feed of the Ramsey County (MN) Sheriff's Office. Comment Policy: https://t.co/Y5UUiA93ek,71,1769,24.92,>10,0,1,1,AC,2,,"st. paul, mn",Missing,Police
SFPD,1624190701,sfpdbiketheft,SFPD Anti Bike Theft,7/27/2013 0:15,"Official Twitter of the San Francisco Police Department Anti Bike Theft. For crimes in progress, call 911. To report a bicycle chop shop call (415) 553-0123.",617,6958,11.28,>10,0,1,2,AC,8,"richmond station sf,ca","san francisco, ca",Local,Police
sppdPIO,1658432058,ventoelementary,Vento Elementary,08-09-2013 19:29,,76,171,2.25,2->10,0,1,3,AC,2,,"st. paul, mn",Missing,Not Provided
PortlandPolice,1666108548,modacenter,Moda Center,08-12-2013 22:12,"Home of the Portland Trail Blazers and a wide variety of year-round concerts, sporting events and family shows.",180,5068,28.16,>10,0,1,2,AC,18,"portland, ore.","portland, oregon",Local,Not Identified
SpokanePD,1704870318,miamipd,Miami PD,8/27/2013 15:01,Official Twitter account of the Miami Police Department | Account is NOT monitored 24/7 | For Emergencies call 911 | Non-emergencies 305-579-6111.,624,7707,12.35,>10,0,1,9,AC,3,"miami, florida","spokane, wa",Non-Local,Police
NYPDnews,2255440370,nypd5pct,NYPD 5th Precinct,12/20/2013 19:41,"Deputy Inspector Tommy Ng, Commanding Officer. The official Twitter of the 5th Precinct. User policy: https://t.co/SceZgFsLAv",149,4307,28.91,>10,0,1,1,AC,16,"19 elizabeth street, new york",new york city,Local,Police
NYPDnews,2255445182,nypd6pct,NYPD 6th Precinct,12/20/2013 19:46,Deputy Inspector Joseph Simonetti. The official Twitter of the 6th Precinct. User policy: https://t.co/SceZgFsLAv,449,3839,8.55,2->10,0,1,1,AC,16,"233 west 10th street, new york",new york city,Local,Police
NYPDnews,2255449866,nypd9pct,NYPD 9th Precinct,12/20/2013 19:51,Deputy Inspector Peter J. Venice Commanding Officer. The official Twitter of the 9th Precinct. User policy: https://t.co/SceZgFsLAv,194,4285,22.09,>10,0,1,2,AC,38,"321 east 5 street, new york",new york city,Local,Police
NYPDnews,2255455914,nypd10pct,NYPD 10th Precinct,12/20/2013 19:57,"Deputy Inspector Michele Irizarry, Commanding Officer. The official Twitter of the 10th Precinct. User policy: https://t.co/SceZgFsLAv",166,4817,29.02,>10,0,1,2,AC,14,"230 west 20th street, new york",new york city,Local,Police
NYPDnews,2264799067,brooklynda,Ken Thompson,12/27/2013 19:11,"The Brooklyn District Attorney‰Ûªs Office is one of the largest prosecutorial agencies in the nation, serving over 2.5 million people in Brooklyn.",444,2650,5.97,2->10,0,1,1,AC,28,"brooklyn, new york",new york city,Local,Other Sectors
NYPDnews,2305428572,commissbratton,Commissioner Bratton,1/22/2014 20:32,Commissioner of the New York City Police Department,367,39219,106.86,>10,0,1,3,AC,18,,new york city,Missing,Police
NYPDnews,2315329354,nypdpea,NYPDPEA,1/31/2014 4:15,NYPD Policewomen's Endowment Association. The official NYPD fraternal organization for women.,260,1297,4.99,2->10,0,1,1,AC,69,,new york city,Missing,Police
SFPD,2319791143,sfpdtenderloin,SFPD Tenderloin,1/30/2014 23:04,Official Twitter of San Francisco Police Department Tenderloin Station - Media Policy http://t.co/Nnf4xnN6Z3 Call 911 for emergencies Tweets not monitored 24/7,438,2759,6.3,2->10,0,1,2,AC,7,"san francisco, ca","san francisco, ca",Local,Police
oaklandpoliceca,2325931284,area3opd,Ret Capt Rick Orozco,02-03-2014 19:21,"Retired, 1986 to 2015.",378,958,2.53,2->10,0,1,2,AC,7,"oakland california, usa","oakland, ca",Local,Not Identified
oaklandpoliceca,2347625048,opdjobs,OPD Recruitment,2/17/2014 0:11,"The official OPD Recruitment twitter account.
 There has never been a better time to join the Oakland Police Department. 
It's more than you think.",107,613,5.73,2->10,0,1,1,AC,12,,"oakland, ca",Missing,Not Identified
NYPDnews,2370994818,nypd13pct,NYPD 13th Precinct,03-03-2014 22:04,"Deputy Inspector Brendan M. Timoney, Commanding Officer. The official Twitter of the 13th Precinct. User policy: http://t.co/SceZgFbabV",291,3851,13.23,>10,0,1,1,AC,50,"230 east 21st street, new york",new york city,Local,Police
NYPDnews,2371000898,nypdmts,NYPD Midtown South,03-03-2014 22:09,"Inspector Russel J. Green, Commanding Officer. The official Twitter of the Midtown South Precinct. User policy: https://t.co/SceZgFsLAv",753,4889,6.49,2->10,0,1,1,AC,288,"357 west 35th street ny, ny",new york city,Non-Local,Police
NYPDnews,2371009784,nypd19pct,NYPD 19th Precinct,03-03-2014 22:19,"Deputy Inspector Clint A. McPherson, Commanding Officer. The official Twitter of the 19th Precinct #UpperEastSide #UES User policy: https://t.co/SceZgFsLAv",1648,5100,3.09,2->10,0,1,1,AC,47,"153 east 67th street, new york",new york city,Local,Police
NYPDnews,2371017301,nypd20pct,NYPD 20th Precinct,03-03-2014 22:20,"Captain Levon Holley, Commanding Officer. The official Twitter of the 20th Precinct. User policy: https://t.co/SceZgFsLAv",430,3891,9.05,2->10,0,1,3,AC,23,"120 west 82nd street, new york",new york city,Local,Police
NYPDnews,2371021244,nypd25pct,NYPD 25th Precinct,03-03-2014 22:32,"Captain Kathleen Walsh, Commanding Officer. The official Twitter of the 25th Precinct. User policy: https://t.co/SceZgFsLAv",438,5862,13.38,>10,0,1,1,AC,75,"120 east 119th st, new york",new york city,Local,Police
NYPDnews,2371029505,nypd26pct,NYPD 26th Precinct,03-03-2014 22:33,"Captain Gil Morales, Commanding Officer. The official Twitter of the 26th Precinct. User policy: http://t.co/SceZgFsLAv",465,3910,8.41,2->10,0,1,1,AC,47,"520 w. 126th st., ny, ny 10027",new york city,Local,Police
NYPDnews,2372075479,nypd33pct,NYPD 33rd Precinct,03-04-2014 15:33,"Deputy Inspector Wilson Aramboles, Commanding Officer. The official Twitter of the 33rd Precinct. User policy: https://t.co/SceZgFsLAv",5618,7144,1.27,1->2,0,1,1,AC,71,"2207 amsterdam avenue, nyc",new york city,Non-Local,Police
NYPDnews,2372077236,nypd40pct,NYPD 40th Precinct,03-04-2014 15:42,"Inspector Carlos Valdez, Commanding Officer. The official Twitter of the 40th Precinct. User policy: https://t.co/SceZgFsLAv",104,4030,38.75,>10,0,1,1,AC,40,"257 alexander ave., bronx, ny",new york city,Non-Local,Police
NYPDnews,2372084323,nypd34pct,NYPD 34th Precinct,03-04-2014 15:41,"Deputy Inspector Reymundo Mundo, Commanding Officer. The official Twitter of the 34th Precinct. User policy: https://t.co/SceZgFsLAv",140,3823,27.31,>10,0,1,1,AC,59,"4295 broadway, new york",new york city,Local,Police
NYPDnews,2372087346,nypd44pct,NYPD 44th Precinct,03-04-2014 15:49,"Insp. Brian Mullen, Commanding Officer. The official Twitter of the 44th Precinct. User policy: https://t.co/SceZgFsLAv",232,5142,22.16,>10,0,1,1,AC,23,"2 east 169 street, bronx, ny",new york city,Non-Local,Police
NYPDnews,2372090335,nypd41pct,NYPD 41st Precinct,03-04-2014 15:45,"Deputy Inspector Martine N. Materasso, Commanding Officer. The official Twitter of the 41st Precinct. User policy: https://t.co/SceZgFsLAv",232,4159,17.93,>10,0,1,3,AC,72,"1035 longwood ave., bronx, ny",new york city,Non-Local,Police
NYPDnews,2372092723,nypd42pct,NYPD 42nd Precinct,03-04-2014 15:46,"Deputy Inspector James Ryan, Commanding Officer. The official Twitter of the 42nd Precinct. User policy: http://t.co/SceZgFsLAv",272,4259,15.66,>10,0,1,1,AC,72,"830 washington ave., bronx, ny",new york city,Non-Local,Police
NYPDnews,2372140824,nypd52pct,NYPD 52nd Precinct,03-04-2014 16:38,"Deputy Inspector Peter Fiorillo, Commanding Officer. The official Twitter of the 52nd Precinct. User policy: https://t.co/SceZgFsLAv",535,5041,9.42,2->10,0,1,1,AC,10,"3016 webster avenue, the bronx",new york city,Non-Local,Police
NYPDnews,2372219922,nypd63pct,NYPD 63rd Precinct,03-04-2014 17:52,"Captain Thomas Burke, Commanding Officer. The official Twitter of the 63rd Precinct. User policy: http://t.co/SceZgFsLAv",251,3498,13.94,>10,0,1,1,AC,78,"1844 brooklyn avenue, brooklyn",new york city,Non-Local,Police
NYPDnews,2372223306,nypd68pct,NYPD 68th Precinct,03-04-2014 17:56,"Captain Joseph W. Hayward, Commanding Officer. The official Twitter of the 68th Precinct. User policy: https://t.co/SceZgFsLAv",166,3859,23.25,>10,0,1,1,AC,80,"333 65th street, brooklyn, ny",new york city,Non-Local,Police
NYPDnews,2372227009,nypd62pct,NYPD 62nd Precinct,03-04-2014 17:51,"Captain Anthony V. Sanseverino, Commanding Officer. The official Twitter of the 62nd Precinct. User policy: https://t.co/SceZgFsLAv",221,3634,16.44,>10,0,1,1,AC,18,"1925 bath avenue, brooklyn, ny",new york city,Non-Local,Police
NYPDnews,2372227094,nypd69pct,NYPD 69th Precinct,03-04-2014 17:57,"Captain Francis Giordano, Commanding Officer. The official Twitter of the 69th Precinct. User policy: https://t.co/SceZgFsLAv",177,3702,20.92,>10,0,1,1,AC,70,"9720 foster avenue, brooklyn,",new york city,Non-Local,Police
NYPDnews,2372229720,nypd76pct,NYPD 76th Precinct,03-04-2014 18:02,"Captain Elliot Colon, commanding Officer. The official Twitter of the 76th Precinct. User policy: http://t.co/SceZgFsLAv",301,3410,11.33,>10,0,1,1,AC,26,"191 union street, brooklyn, ny",new york city,Non-Local,Police
NYPDnews,2372655728,nypd73pct,NYPD 73rd Precinct,03-04-2014 22:30,"DeputyåÊInspector Miguel Iglesias,åÊCommandingåÊOfficer. TheåÊofficialåÊTwitteråÊofåÊtheåÊ73rdåÊPrecinct. UseråÊpolicy:åÊhttp://t.co/viqEt1mM7w",290,5593,19.29,>10,0,1,1,AC,51,"1470 east new york ave, bÕklyn",new york city,Local,Police
NYPDnews,2372660000,nypd75pct,NYPD 75th Precinct,03-04-2014 22:31,"Inspector Michael Lipetri, Commanding Officer. The official Twitter of the 75th Precinct. User policy: http://t.co/viqEt1mM7w",788,4025,5.11,2->10,0,1,1,AC,53,"1000 sutter avenue, brooklyn,",new york city,Non-Local,Police
NYPDnews,2372667008,nypd79pct,NYPD 79th Precinct,03-04-2014 22:34,"Deputy Inspector John Chell,
CommandingåÊOfficer. TheåÊofficialåÊTwitteråÊofåÊtheåÊ79thåÊPrecinct. User policy: http://t.co/viqEt1mM7w",240,3688,15.37,>10,0,1,1,AC,30,"263 tompkins avenue, brooklyn",new york city,Non-Local,Police
NYPDnews,2372668956,nypd81pct,NYPD 81st Precinct,03-04-2014 22:35,"Inspector Scott M. Henderson, Commanding Officer. The official Twitter of the 81st Precinct. User policy: https://t.co/SceZgFsLAv",210,4542,21.63,>10,0,1,1,AC,47,"30 ralph ave, brooklyn",new york city,Non-Local,Police
NYPDnews,2372672790,nypd83pct,NYPD 83rd Precinct,03-04-2014 22:36,"Deputy Inspector Maximo A. Tolentino,
CommandingåÊOfficer. TheåÊofficialåÊTwitteråÊofåÊtheåÊ83rdåÊPrecinct.åÊUseråÊpolicy: http://t.co/viqEt1mM7w",268,6268,23.39,>10,0,1,1,AC,17,"480 knickerbocker ave, bÕklyn",new york city,Non-Local,Police
NYPDnews,2372693094,nypd84pct,NYPD 84th Precinct,03-04-2014 22:42,"Deputy Inspector Sergio Centa, Commanding Officer. The official Twitter of the 84th Precinct. User policy: https://t.co/SceZgFsLAv",84,4611,54.89,>10,0,1,1,AC,192,"301 gold street, brooklyn",new york city,Non-Local,Police
NYPDnews,2372714718,nypd90pct,NYPD 90th Precinct,03-04-2014 22:49,"Captain William Gardner, Commanding Officer. The official Twitter of the 90th Precinct. User policy: https://t.co/SceZgFsLAv",449,4589,10.22,>10,0,1,1,AC,62,"211 union avenue, brooklyn, ny",new york city,Non-Local,Police
NYPDnews,2372720630,nypd94pct,NYPD 94th Precinct,03-04-2014 22:50,"Captain Peter R. Rose, Commanding Officer. The official Twitter of the 94th Precinct. User policy: http://t.co/SceZgFsLAv",253,3343,13.21,>10,0,1,1,AC,10,"100 meserole avenue, brooklyn,",new york city,Non-Local,Police
NYPDnews,2374058516,nypd101pct,NYPD 101st Precinct,03-05-2014 16:57,"Deputy Inspector Justin C. Lenz, Commanding Officer. The official Twitter of the 101st Precinct. User policy: https://t.co/SceZgFsLAv",260,4534,17.44,>10,0,1,1,AC,145,"16-12 mott ave, far rockaway",new york city,Non-Local,Police
NYPDnews,2374064551,nypd100pct,NYPD 100th Precinct,03-05-2014 16:55,"Captain Janice Holmes, Commanding Officer. The official Twitter of the 100th Precinct User policy: https://t.co/SceZgFsLAv",303,4812,15.88,>10,0,1,1,AC,50,"92-24 rockaway beach blvd, qns",new york city,Non-Local,Police
NYPDnews,2374065986,nypd103pct,NYPD 103rd Precinct,03-05-2014 17:02,"Inspector John G. Cappelmann, Commanding Officer. The official Twitter of the 103rd Precinct. User policy: https://t.co/SceZgFsLAv",185,3743,20.23,>10,0,1,1,AC,160,168-02 p.o. edward byrne av ny,new york city,Local,Police
NYPDnews,2374067010,nypd106pct,NYPD 106th Precinct,03-05-2014 17:05,"Captain James R. Fey, Commanding Officer. The official Twitter of the 106th Precinct. Not monitored 24/7. User policy: https://t.co/SceZgFsLAv",211,6578,31.18,>10,0,1,1,AC,64,"103-53 101st st, ozone park ny",new york city,Non-Local,Police
PortlandPolice,2374067540,nypd105pct,NYPD 105th Precinct,03-05-2014 17:03,Deputy Inspector J. D. Schiff Commanding Officer. The official Twitter of the 105th Precinct. Not monitored 24/7. User policy: https://t.co/SceZgFsLAv,302,4651,15.4,>10,0,1,1,AC,32,"92-08 222nd st, queens village","portland, oregon",Local,Police
NYPDnews,2374069603,nypd102pct,NYPD 102nd Precinct,03-05-2014 17:00,"Deputy Inspector Deodat Urprasad, Commanding Officer. The official Twitter of the 102nd Precinct. User policy: http://t.co/SceZgFsLAv",1680,3821,2.27,2->10,0,1,1,AC,41,"87-34 118th st., new york",new york city,Local,Police
NYPDnews,2374143192,nypd114pct,NYPD 114th Precinct,03-05-2014 18:02,"Deputy Inspector  Peter M. Fortune, Commanding Officer. The official Twitter of the 114th Precinct. User policy: https://t.co/SceZgFsLAv",241,2761,11.46,>10,0,1,1,AC,29,"34-16 astoria blvd., queens ny",new york city,Non-Local,Police
NYPDnews,2374144134,nypd115pct,NYPD 115th Precinct,03-05-2014 18:03,"Deputy Inspector Brian Hennessy, Commanding Officer. The official Twitter of the 115th Precinct. User policy: https://t.co/SceZgFsLAv",232,3521,15.18,>10,0,1,1,AC,36,92-15 northern blvd ny,new york city,Non-Local,Police
NYPDnews,2374145184,nypd120pct,NYPD 120th Precinct,03-05-2014 18:04,"Deputy Inspector Robert Bocchino, Commanding Officer. The official Twitter of the 120th Precinct. User policy: http://t.co/SceZgFsLAv",214,2792,13.05,>10,0,1,1,AC,56,78 richmond terrace ny,new york city,Non-Local,Police
oaklandpoliceca,2382382880,youthalive510,Youth ALIVE!,03-10-2014 16:35,A nonprofit organization committed to Preventing Violence & Developing Youth Leaders!,149,343,2.3,2->10,0,1,4,AC,8,"oakland, ca","oakland, ca",Local,Not Identified
NYPDnews,2383849596,nypdpsa6,NYPD Housing PSA 6,03-11-2014 15:04,"Captain William Burke, Commanding Officer. The official Twitter of the Housing Bureau‰Ûªs Police Service Area 6. User policy: https://t.co/SceZgFbabV",303,17928,59.17,>10,0,1,1,AC,43,2770 frederick douglass blvd,new york city,Non-Local,Police
NYPDnews,2383854913,nypdpsa2,NYPD Housing PSA 2,03-11-2014 15:00,"Captain Rafael Mascol,åÊCommandingåÊOfficer. TheåÊofficialåÊTwitteråÊofåÊtheåÊHousingåÊBureau‰ÛªsåÊPoliceåÊServiceåÊAreaåÊ2. UseråÊpolicy:åÊhttp://t.co/SceZgG1XA7",118,8034,68.08,>10,0,1,1,AC,67,"560 sutter avenue, brooklyn",new york city,Non-Local,Police
NYPDnews,2383857037,nypdpsa4,NYPD Housing PSA 4,03-11-2014 15:02,"Captain Jesse J. Lance, Commanding Officer. The official Twitter of the Housing Bureau‰Ûªs Police Service Area 4. User policy: http://t.co/viqEt1mM7w",157,3710,23.63,>10,0,1,1,AC,46,"130 avenue c, new york",new york city,Local,Police
NYPDnews,2383863246,nypdpsa8,NYPD Housing PSA 8,03-11-2014 15:15,"Deputy Inspector Vanessa Kight, Commanding Officer. The official Twitter of Police Service Area# 8. User policy: http://t.co/GHQqdm3zsx",536,22027,41.1,>10,0,1,1,AC,70,"2794 randall avenue, bronx",new york city,Non-Local,Police
NYPDnews,2435537443,fleetweeknyc,Fleet Week New York,04-09-2014 14:26,"Official Twitter account of Fleet Week New York. (Following, RTs and links ‰äÊ endorsement).",652,1981,3.04,2->10,0,1,5,AC,55,"pier 88 - 711 12th ave. ny, ny",new york city,Non-Local,Politician
PortlandPolice,2479037389,boy_strength,BoyStrength,05-06-2014 00:45,"Fostering awareness, promoting healthy choices and empowering boys to be leaders  in non-violence. Funded by the Portland Police Bureau.",89,90,1.01,1->2,0,1,3,AC,7,"portland, or","portland, oregon",Local,Not Identified
SFPD,2484677850,sfpdtaraval,SFPD Taraval Station,05-08-2014 23:19,Taraval Police Station of the San Francisco Police Department serves the Southwestern part of the City. Media Policy: http://t.co/Nnf4xnN6Z3,37,1488,40.22,>10,0,1,3,AC,10,taraval police station,"san francisco, ca",Non-Local,Police
SFPD,2508209251,sfpdsouthern,SFPD SouthernStation,5/19/2014 19:06,Official Twitter of the SFPD Southern Station-Media Policy http://t.co/7rVLWHrhrl Call 911 for emergencies.  Tweets not monitored 24/7,168,1587,9.45,2->10,0,1,4,AC,8,"san francisco, ca","san francisco, ca",Local,Police
SLMPD,2511230773,majorrdjones,Rochelle D Jones,5/20/2014 19:16,"Proudly protecting & serving the citizens of St. Louis. Highest ranking African-American female at @SLMPD. Member of Delta Sigma Theta Sorority, Inc.",440,285,0.65,<1,0,1,3,AC,7,,"st. louis, mo",Missing,Not Identified
CLEpolice,2536018775,cleveland_ffs,CLE Firefighters-L93,05-08-2014 23:33,"The Association of Cleveland Firefighters, IAFF Local 93",2885,2616,0.91,<1,0,1,2,AC,114,"cleveland, ohio","cleveland, oh",Local,Not Identified
SFPD,2579182045,sfpdbayview,SFPD Bayview Station,6/20/2014 19:42,Official Twitter of the San Francisco Police Department Bayview Station-Media Policy http://t.co/Nnf4xnN6Z3 Call 911 for emergencies Tweets not monitored 24/7,33,1630,49.39,>10,0,1,1,AC,6,"201 williams ave,  s.f.  94124","san francisco, ca",Local,Police
NYPDnews,2600492695,nypdcommaffairs,Chief Joanne Jaffe,07-02-2014 21:14,NYPD Chief of Community Affairs Bureau; Account not monitored 24/7 - use 911 and 311. User policy: https://t.co/SceZgFsLAv.,919,7864,8.56,2->10,0,1,1,AC,8,new york city,new york city,Local,Police
PortlandPolice,2667569593,bakersfieldpd,Bakersfield Police,7/21/2014 23:57,Official Twitter Account for the Bakersfield PD. THIS ACCT IS NOT MONITORED ON A 24 HOUR BASIS. FOR EMERGENCY CALL 9-1-1.,27,1697,62.85,>10,0,1,1,AC,51,"bakersfield, ca","portland, oregon",Non-Local,Police
SFPD,2688573054,sfpdnorthern,SFPD NorthernStation,7/28/2014 23:28,Official Twitter of San Francisco Police Department Northern Station-Media Policy https://t.co/Nnf4xnN6Z3 . Call 911 in Emergencies. Tweets not monitored 24/7.,425,1376,3.24,2->10,0,1,2,AC,5,"san francisco, ca","san francisco, ca",Local,Police
SFPD,2693681478,sfpdpark,SFPD Park Station,7/30/2014 19:10,Official Twitter of the San Francisco Police Department Park Station-Media Policy http://t.co/Nnf4xnN6Z3 Call 911 for emergencies Tweets not monitored 24/7,67,1397,20.85,>10,0,1,1,AC,5,"san francisco, ca","san francisco, ca",Local,Police
SFPD,2696565510,sfpdcentral,SFPD Central Station,7/31/2014 20:46,Official Twitter of the San Francisco Police Department Central Station-Media Policy http://t.co/Nnf4xnN6Z3 Call 911 for emergencies Tweets not monitored 24/7,44,1769,40.2,>10,0,1,3,AC,29,766 vallejo st. sf ca,"san francisco, ca",Local,Police
SFPD,2712759380,sfpdacademy,SFPD Academy,08-06-2014 19:13,Official Twitter of the San Francisco Police Department Academy-Social Media Policy https://t.co/Nnf4xnN6Z3 Call 911 for emergencies Tweets not monitored,1971,2043,1.04,1->2,0,1,1,AC,5,"san francisco, ca","san francisco, ca",Local,Police
detroitpolice,2742290504,thenowdetroit,The Now Detroit,8/18/2014 15:33,"The Now Detroit airs weekdays at 4 p.m. on @WXYZDetroit featuring @wxyzjpurtan, @stephenclark & @ItsAndyChoi. Join us!",1975,1865,0.94,<1,0,1,1,AC,3,,"city of detroit, mi",Missing,Not Identified
NYPDnews,2743183980,nypdtransport,Chief Thomas M. Chan,8/18/2014 22:11,NYPD Chief of Transportation. Account not monitored 24/7 - use 911 and 311. User policy: http://t.co/SceZgFbabV .,173,4694,27.13,>10,0,1,3,AC,9,new york city,new york city,Local,Police
SLMPD,2750137002,ppdcommish,Richard Ross,8/20/2014 19:50,The Official Twitter Account of @PhillyPolice Commissioner Richard Ross,11,4258,387.09,>10,0,1,4,AC,2,philadelphia pa,"st. louis, mo",Non-Local,Politician
NYPDnews,2795834466,nypdtransit,Chief Joseph Fox,09-07-2014 12:39,NYPD Chief of Transit Bureau; Account not monitored 24/7 - use 911 and 311. User policy: https://t.co/SceZgFsLAv .,415,7654,18.44,>10,0,1,1,AC,10,new york city,new york city,Local,Police
NYPDnews,2801780500,nypdchiefofdept,James P. O'Neill,10-03-2014 11:22,"NYPD Chief of Department. Account not monitored 24/7, use 911 for Emergencies, and 311 for Non-Emergencies.",363,6293,17.34,>10,0,1,2,AC,83,nyc,new york city,Non-Local,Police
NYPDnews,2826792011,nypdnoticias,NYPD NOTICIAS,10/13/2014 3:47,La cuenta de Twitter oficial en EspaÌ±ol del Departamento de PolicÌ_a de la ciudad de Nueva York.,348,3291,9.46,2->10,0,1,2,AC,7,nueva york,new york city,Local,Not Identified
PortlandPolice,2838422532,chiefodea,Larry O'Dea,10-02-2014 23:32,,20,86,4.3,2->10,0,1,2,AC,10,"portland, oregon","portland, oregon",Local,Not Provided
NYPDnews,2904367545,nypdhousing,Chief James Secreto,12-03-2014 22:34,"NYPD Chief of Housing. Account not monitored 24/7, use 911 for Emergencies, and 311 for Non-Emergencies. User Policy: https://t.co/TuUIL0XU3X",146,2170,14.86,>10,0,1,1,AC,47,nyc,new york city,Non-Local,Police
PortlandPolice,2926921454,notifypdx,City of Portland,12-11-2014 14:45,"City of Portland Constituent Engagement. For General Information: 503-823-4000. For Emergencies, please call 911.",100,741,7.41,2->10,0,1,2,AC,4,"portland, oregon","portland, oregon",Local,Not Identified
NYPDnews,2968192469,queensdabrown,Richard A. Brown,01-08-2015 17:41,"The Queens District Attorney prosecutes more than 75,000 criminal cases each year and proudly serves the 2.3 million residents of Queens County, New York",142,626,4.41,2->10,0,1,1,AC,18,"queens county, new york",new york city,Local,Other Sectors
PortlandPolice,3028748745,ppbbiketheft,PPB BTTF,02-10-2015 20:59,"@PortlandPolice, Bike Theft Task Force.",21,846,40.29,>10,0,1,2,AC,7,"portland, oregon","portland, oregon",Local,Other Sectors
oaklandpoliceca,3087168474,w_oaklandspeaks,WestOaklandSpeaks,3/15/2015 23:05,,78,46,0.59,<1,0,1,2,AC,2,,"oakland, ca",Missing,Not Provided
NYPDnews,3156236822,nypdinmemoriam,NYPD In Memoriam,4/14/2015 13:41,Official NYPD account dedicated to remembering those who lost their lives protecting New York City. Fidelis ad Mortem,33,2070,62.73,>10,0,1,2,AC,117,,new york city,Missing,Not Identified
PortlandPolice,3169342465,sacoo1,SACOO,4/23/2015 23:13,,0,0,NA,NA,0,1,3,AC,2,,"portland, oregon",Missing,Not Provided
NYPDnews,3212207649,nypdcadets,NYPD Cadets,4/27/2015 10:21,"Inspector Michael McGrath, Commanding Officer. The official Twitter of the NYPD Cadet Corps. User policy: http://t.co/SceZgFsLAv",261,1312,5.03,2->10,0,1,1,AC,16,"college point, queens",new york city,Non-Local,Police
oaklandpoliceca,3308063455,slpdchief,James Brandon,08-06-2015 20:01,"Official Twitter account for the Chief of Police of the Southlake, TX Police Department. RT's are not endorsements, and opinions are my own.",240,304,1.27,1->2,0,1,3,AC,4,"southlake, tx","oakland, ca",Non-Local,Police
StocktonPolice,3546471376,news10_ca,Farrow,09-04-2015 16:25,,39,14,0.36,<1,0,1,1,AC,0,,"stockton, ca, usa",Missing,Not Provided
oaklandpoliceca,3565027334,henryklee,Henry Lee,9/14/2015 22:54,,0,8,Inf,>10,0,1,5,AC,7,,"oakland, ca",Missing,Not Provided
sppdPIO,4120581273,mpd_pio,Margaret,11-05-2015 16:47,,38,10,0.26,<1,0,1,1,AC,18,,"st. paul, mn",Missing,Not Provided
StocktonPolice,7.03E+17,calagharris,Mary Justus,2/25/2016 16:29,,40,11,0.28,<1,0,0,3,Aonly,44,,"stockton, ca, usa",Missing,Not Provided
